Workbook

Sheet Maternal Mortality for Aug Data
A1: Residence State | B1: FIPS Code | C1: Year | D1: Maternal Deaths | E1: Population | F1: Crude Rate (CR) | G1: CR Unreliable? | H1: Births | I1: Maternal Mortality Rate | J1: Land Area (sq mi) | K1: Population Density
A2: Alabama | B2: 1 | C2: 2018 | D2: 21 | E2: 4887871 | F2: 0.4 | H2: 57761 | I2: =(D2/H2)*100000 -> 36.356711 | J2: =INDEX('Land Area'!$C:$C, MATCH($B2, 'Land Area'!$B:$B, 0)) -> 52420 | K2: =E2/J2 -> 93.244391
A3: Alabama | B3: 1 | C3: 2019 | D3: 21 | E3: 4903185 | F3: 0.4 | H3: 58615 | I3: =(D3/H3)*100000 -> 35.827007 | J3: =INDEX('Land Area'!$C:$C, MATCH($B3, 'Land Area'!$B:$B, 0)) -> 52420 | K3: =E3/J3 -> 93.536532
A4: Alabama | B4: 1 | C4: 2020 | D4: 21 | E4: 4921532 | F4: 0.4 | H4: 57647 | I4: =(D4/H4)*100000 -> 36.428609 | J4: =INDEX('Land Area'!$C:$C, MATCH($B4, 'Land Area'!$B:$B, 0)) -> 52420 | K4: =E4/J4 -> 93.886532
A5: Alabama | B5: 1 | C5: 2021 | D5: 33 | E5: 5039877 | F5: 0.7 | H5: 58054 | I5: =(D5/H5)*100000 -> 56.843628 | J5: =INDEX('Land Area'!$C:$C, MATCH($B5, 'Land Area'!$B:$B, 0)) -> 52420 | K5: =E5/J5 -> 96.144163
A6: Alabama | B6: 1 | C6: 2022 | D6: 16 | E6: 5074296 | F6: 0.3 | G6: Yes | H6: 58149 | I6: =(D6/H6)*100000 -> 27.51552 | J6: =INDEX('Land Area'!$C:$C, MATCH($B6, 'Land Area'!$B:$B, 0)) -> 52420 | K6: =E6/J6 -> 96.800763
A7: Alabama | B7: 1 | C7: 2023 | D7: 11 | E7: 5108468 | F7: 0.2 | G7: Yes | H7: 57858 | I7: =(D7/H7)*100000 -> 19.012064 | J7: =INDEX('Land Area'!$C:$C, MATCH($B7, 'Land Area'!$B:$B, 0)) -> 52420 | K7: =E7/J7 -> 97.452652
A8: Alaska | B8: 2 | C8: 2018 | E8: 737438 | H8: 10086 | J8: =INDEX('Land Area'!$C:$C, MATCH($B8, 'Land Area'!$B:$B, 0)) -> 571951 | K8: =E8/J8 -> 1.2893377
A9: Alaska | B9: 2 | C9: 2019 | E9: 731545 | H9: 9822 | J9: =INDEX('Land Area'!$C:$C, MATCH($B9, 'Land Area'!$B:$B, 0)) -> 571951 | K9: =E9/J9 -> 1.2790344
A10: Alaska | B10: 2 | C10: 2020 | D10: 0 | E10: 731158 | F10: 0 | G10: Yes | H10: 9469 | I10: =(D10/H10)*100000 -> 0 | J10: =INDEX('Land Area'!$C:$C, MATCH($B10, 'Land Area'!$B:$B, 0)) -> 571951 | K10: =E10/J10 -> 1.2783578
A11: Alaska | B11: 2 | C11: 2021 | E11: 732673 | H11: 9367 | J11: =INDEX('Land Area'!$C:$C, MATCH($B11, 'Land Area'!$B:$B, 0)) -> 571951 | K11: =E11/J11 -> 1.2810066
A12: Alaska | B12: 2 | C12: 2022 | E12: 733583 | H12: 9359 | J12: =INDEX('Land Area'!$C:$C, MATCH($B12, 'Land Area'!$B:$B, 0)) -> 571951 | K12: =E12/J12 -> 1.2825976
A13: Alaska | B13: 2 | C13: 2023 | E13: 733406 | H13: 9015 | J13: =INDEX('Land Area'!$C:$C, MATCH($B13, 'Land Area'!$B:$B, 0)) -> 571951 | K13: =E13/J13 -> 1.2822882
A14: Arizona | B14: 4 | C14: 2018 | D14: 18 | E14: 7171646 | F14: 0.3 | G14: Yes | H14: 80723 | I14: =(D14/H14)*100000 -> 22.298478 | J14: =INDEX('Land Area'!$C:$C, MATCH($B14, 'Land Area'!$B:$B, 0)) -> 113594 | K14: =E14/J14 -> 63.134021
A15: Arizona | B15: 4 | C15: 2019 | D15: 20 | E15: 7278717 | F15: 0.3 | H15: 79375 | I15: =(D15/H15)*100000 -> 25.19685 | J15: =INDEX('Land Area'!$C:$C, MATCH($B15, 'Land Area'!$B:$B, 0)) -> 113594 | K15: =E15/J15 -> 64.076597
A16: Arizona | B16: 4 | C16: 2020 | D16: 29 | E16: 7421401 | F16: 0.4 | H16: 76947 | I16: =(D16/H16)*100000 -> 37.688279 | J16: =INDEX('Land Area'!$C:$C, MATCH($B16, 'Land Area'!$B:$B, 0)) -> 113594 | K16: =E16/J16 -> 65.332685
A17: Arizona | B17: 4 | C17: 2021 | D17: 32 | E17: 7276316 | F17: 0.4 | H17: 77916 | I17: =(D17/H17)*100000 -> 41.06987 | J17: =INDEX('Land Area'!$C:$C, MATCH($B17, 'Land Area'!$B:$B, 0)) -> 113594 | K17: =E17/J17 -> 64.055461
A18: Arizona | B18: 4 | C18: 2022 | D18: 19 | E18: 7359197 | F18: 0.3 | G18: Yes | H18: 78547 | I18: =(D18/H18)*100000 -> 24.189339 | J18: =INDEX('Land Area'!$C:$C, MATCH($B18, 'Land Area'!$B:$B, 0)) -> 113594 | K18: =E18/J18 -> 64.785085
A19: Arizona | B19: 4 | C19: 2023 | D19: 19 | E19: 7431344 | F19: 0.3 | G19: Yes | H19: 78096 | I19: =(D19/H19)*100000 -> 24.329031 | J19: =INDEX('Land Area'!$C:$C, MATCH($B19, 'Land Area'!$B:$B, 0)) -> 113594 | K19: =E19/J19 -> 65.420216
A20: Arkansas | B20: 5 | C20: 2018 | D20: 17 | E20: 3013825 | F20: 0.6 | G20: Yes | H20: 37018 | I20: =(D20/H20)*100000 -> 45.923605 | J20: =INDEX('Land Area'!$C:$C, MATCH($B20, 'Land Area'!$B:$B, 0)) -> 53179 | K20: =E20/J20 -> 56.673217
A21: Arkansas | B21: 5 | C21: 2019 | D21: 12 | E21: 3017804 | F21: 0.4 | G21: Yes | H21: 36564 | I21: =(D21/H21)*100000 -> 32.819166 | J21: =INDEX('Land Area'!$C:$C, MATCH($B21, 'Land Area'!$B:$B, 0)) -> 53179 | K21: =E21/J21 -> 56.74804
A22: Arkansas | B22: 5 | C22: 2020 | D22: 15 | E22: 3030522 | F22: 0.5 | G22: Yes | H22: 35251 | I22: =(D22/H22)*100000 -> 42.551984 | J22: =INDEX('Land Area'!$C:$C, MATCH($B22, 'Land Area'!$B:$B, 0)) -> 53179 | K22: =E22/J22 -> 56.987194
A23: Arkansas | B23: 5 | C23: 2021 | D23: 19 | E23: 3025891 | F23: 0.6 | G23: Yes | H23: 35965 | I23: =(D23/H23)*100000 -> 52.829139 | J23: =INDEX('Land Area'!$C:$C, MATCH($B23, 'Land Area'!$B:$B, 0)) -> 53179 | K23: =E23/J23 -> 56.900111
A24: Arkansas | B24: 5 | C24: 2022 | E24: 3045637 | H24: 35471 | J24: =INDEX('Land Area'!$C:$C, MATCH($B24, 'Land Area'!$B:$B, 0)) -> 53179 | K24: =E24/J24 -> 57.271423
A25: Arkansas | B25: 5 | C25: 2023 | D25: 11 | E25: 3067732 | F25: 0.4 | G25: Yes | H25: 35264 | I25: =(D25/H25)*100000 -> 31.193285 | J25: =INDEX('Land Area'!$C:$C, MATCH($B25, 'Land Area'!$B:$B, 0)) -> 53179 | K25: =E25/J25 -> 57.686906
A26: California | B26: 6 | C26: 2018 | D26: 53 | E26: 39557045 | F26: 0.1 | H26: 454920 | I26: =(D26/H26)*100000 -> 11.6504 | J26: =INDEX('Land Area'!$C:$C, MATCH($B26, 'Land Area'!$B:$B, 0)) -> 155779 | K26: =E26/J26 -> 253.93054
A27: California | B27: 6 | C27: 2019 | D27: 50 | E27: 39512223 | F27: 0.1 | H27: 446479 | I27: =(D27/H27)*100000 -> 11.198735 | J27: =INDEX('Land Area'!$C:$C, MATCH($B27, 'Land Area'!$B:$B, 0)) -> 155779 | K27: =E27/J27 -> 253.64281
A28: California | B28: 6 | C28: 2020 | D28: 32 | E28: 39368078 | F28: 0.1 | H28: 420259 | I28: =(D28/H28)*100000 -> 7.6143521 | J28: =INDEX('Land Area'!$C:$C, MATCH($B28, 'Land Area'!$B:$B, 0)) -> 155779 | K28: =E28/J28 -> 252.71749
A29: California | B29: 6 | C29: 2021 | D29: 41 | E29: 39237836 | F29: 0.1 | H29: 420608 | I29: =(D29/H29)*100000 -> 9.7477937 | J29: =INDEX('Land Area'!$C:$C, MATCH($B29, 'Land Area'!$B:$B, 0)) -> 155779 | K29: =E29/J29 -> 251.88142
A30: California | B30: 6 | C30: 2022 | D30: 52 | E30: 39029342 | F30: 0.1 | H30: 419104 | I30: =(D30/H30)*100000 -> 12.407422 | J30: =INDEX('Land Area'!$C:$C, MATCH($B30, 'Land Area'!$B:$B, 0)) -> 155779 | K30: =E30/J30 -> 250.54303
A31: California | B31: 6 | C31: 2023 | D31: 38 | E31: 38965193 | F31: 0.1 | H31: 400108 | I31: =(D31/H31)*100000 -> 9.4974357 | J31: =INDEX('Land Area'!$C:$C, MATCH($B31, 'Land Area'!$B:$B, 0)) -> 155779 | K31: =E31/J31 -> 250.13123
A32: Colorado | B32: 8 | C32: 2018 | E32: 5695564 | H32: 62885 | J32: =INDEX('Land Area'!$C:$C, MATCH($B32, 'Land Area'!$B:$B, 0)) -> 103642 | K32: =E32/J32 -> 54.954208
A33: Colorado | B33: 8 | C33: 2019 | D33: 12 | E33: 5758736 | F33: 0.2 | G33: Yes | H33: 62869 | I33: =(D33/H33)*100000 -> 19.087309 | J33: =INDEX('Land Area'!$C:$C, MATCH($B33, 'Land Area'!$B:$B, 0)) -> 103642 | K33: =E33/J33 -> 55.563729
A34: Colorado | B34: 8 | C34: 2020 | D34: 10 | E34: 5807719 | F34: 0.2 | G34: Yes | H34: 61494 | I34: =(D34/H34)*100000 -> 16.261749 | J34: =INDEX('Land Area'!$C:$C, MATCH($B34, 'Land Area'!$B:$B, 0)) -> 103642 | K34: =E34/J34 -> 56.036346
A35: Colorado | B35: 8 | C35: 2021 | D35: 11 | E35: 5812069 | F35: 0.2 | G35: Yes | H35: 62949 | I35: =(D35/H35)*100000 -> 17.474463 | J35: =INDEX('Land Area'!$C:$C, MATCH($B35, 'Land Area'!$B:$B, 0)) -> 103642 | K35: =E35/J35 -> 56.078318
A36: Colorado | B36: 8 | C36: 2022 | D36: 12 | E36: 5839926 | F36: 0.2 | G36: Yes | H36: 62383 | I36: =(D36/H36)*100000 -> 19.23601 | J36: =INDEX('Land Area'!$C:$C, MATCH($B36, 'Land Area'!$B:$B, 0)) -> 103642 | K36: =E36/J36 -> 56.347099
A37: Colorado | B37: 8 | C37: 2023 | E37: 5877610 | H37: 61494 | J37: =INDEX('Land Area'!$C:$C, MATCH($B37, 'Land Area'!$B:$B, 0)) -> 103642 | K37: =E37/J37 -> 56.710696
A38: Connecticut | B38: 9 | C38: 2018 | E38: 3572665 | H38: 34725 | J38: =INDEX('Land Area'!$C:$C, MATCH($B38, 'Land Area'!$B:$B, 0)) -> 4842 | K38: =E38/J38 -> 737.84903
A39: Connecticut | B39: 9 | C39: 2019 | E39: 3565287 | H39: 34258 | J39: =INDEX('Land Area'!$C:$C, MATCH($B39, 'Land Area'!$B:$B, 0)) -> 4842 | K39: =E39/J39 -> 736.32528
A40: Connecticut | B40: 9 | C40: 2020 | E40: 3557006 | H40: 33460 | J40: =INDEX('Land Area'!$C:$C, MATCH($B40, 'Land Area'!$B:$B, 0)) -> 4842 | K40: =E40/J40 -> 734.61504
A41: Connecticut | B41: 9 | C41: 2021 | E41: 3605597 | H41: 35670 | J41: =INDEX('Land Area'!$C:$C, MATCH($B41, 'Land Area'!$B:$B, 0)) -> 4842 | K41: =E41/J41 -> 744.65035
A42: Connecticut | B42: 9 | C42: 2022 | E42: 3626205 | H42: 35332 | J42: =INDEX('Land Area'!$C:$C, MATCH($B42, 'Land Area'!$B:$B, 0)) -> 4842 | K42: =E42/J42 -> 748.90644
A43: Connecticut | B43: 9 | C43: 2023 | E43: 3617176 | H43: 34559 | J43: =INDEX('Land Area'!$C:$C, MATCH($B43, 'Land Area'!$B:$B, 0)) -> 4842 | K43: =E43/J43 -> 747.04172
A44: Delaware | B44: 10 | C44: 2018 | E44: 967171 | H44: 10621 | J44: =INDEX('Land Area'!$C:$C, MATCH($B44, 'Land Area'!$B:$B, 0)) -> 1949 | K44: =E44/J44 -> 496.23961
A45: Delaware | B45: 10 | C45: 2019 | D45: 0 | E45: 973764 | F45: 0 | G45: Yes | H45: 10562 | I45: =(D45/H45)*100000 -> 0 | J45: =INDEX('Land Area'!$C:$C, MATCH($B45, 'Land Area'!$B:$B, 0)) -> 1949 | K45: =E45/J45 -> 499.62237
A46: Delaware | B46: 10 | C46: 2020 | E46: 986809 | H46: 10392 | J46: =INDEX('Land Area'!$C:$C, MATCH($B46, 'Land Area'!$B:$B, 0)) -> 1949 | K46: =E46/J46 -> 506.31555
A47: Delaware | B47: 10 | C47: 2021 | E47: 1003384 | H47: 10482 | J47: =INDEX('Land Area'!$C:$C, MATCH($B47, 'Land Area'!$B:$B, 0)) -> 1949 | K47: =E47/J47 -> 514.81991
A48: Delaware | B48: 10 | C48: 2022 | E48: 1018396 | H48: 10816 | J48: =INDEX('Land Area'!$C:$C, MATCH($B48, 'Land Area'!$B:$B, 0)) -> 1949 | K48: =E48/J48 -> 522.52232
A49: Delaware | B49: 10 | C49: 2023 | D49: 0 | E49: 1031890 | F49: 0 | G49: Yes | H49: 10427 | I49: =(D49/H49)*100000 -> 0 | J49: =INDEX('Land Area'!$C:$C, MATCH($B49, 'Land Area'!$B:$B, 0)) -> 1949 | K49: =E49/J49 -> 529.44587
A50: District of Columbia | B50: 11 | C50: 2018 | E50: 702455 | H50: 9212 | J50: =INDEX('Land Area'!$C:$C, MATCH($B50, 'Land Area'!$B:$B, 0)) -> 68 | K50: =E50/J50 -> 10330.221
A51: District of Columbia | B51: 11 | C51: 2019 | E51: 705749 | H51: 9079 | J51: =INDEX('Land Area'!$C:$C, MATCH($B51, 'Land Area'!$B:$B, 0)) -> 68 | K51: =E51/J51 -> 10378.662
A52: District of Columbia | B52: 11 | C52: 2020 | E52: 712816 | H52: 8874 | J52: =INDEX('Land Area'!$C:$C, MATCH($B52, 'Land Area'!$B:$B, 0)) -> 68 | K52: =E52/J52 -> 10482.588
A53: District of Columbia | B53: 11 | C53: 2021 | E53: 670050 | H53: 8660 | J53: =INDEX('Land Area'!$C:$C, MATCH($B53, 'Land Area'!$B:$B, 0)) -> 68 | K53: =E53/J53 -> 9853.6765
A54: District of Columbia | B54: 11 | C54: 2022 | E54: 671803 | H54: 8075 | J54: =INDEX('Land Area'!$C:$C, MATCH($B54, 'Land Area'!$B:$B, 0)) -> 68 | K54: =E54/J54 -> 9879.4559
A55: District of Columbia | B55: 11 | C55: 2023 | E55: 678972 | H55: 7896 | J55: =INDEX('Land Area'!$C:$C, MATCH($B55, 'Land Area'!$B:$B, 0)) -> 68 | K55: =E55/J55 -> 9984.8824
A56: Florida | B56: 12 | C56: 2018 | D56: 35 | E56: 21299325 | F56: 0.2 | H56: 221542 | I56: =(D56/H56)*100000 -> 15.798359 | J56: =INDEX('Land Area'!$C:$C, MATCH($B56, 'Land Area'!$B:$B, 0)) -> 53625 | K56: =E56/J56 -> 397.19021
A57: Florida | B57: 12 | C57: 2019 | D57: 59 | E57: 21477737 | F57: 0.3 | H57: 220002 | I57: =(D57/H57)*100000 -> 26.817938 | J57: =INDEX('Land Area'!$C:$C, MATCH($B57, 'Land Area'!$B:$B, 0)) -> 53625 | K57: =E57/J57 -> 400.51724
A58: Florida | B58: 12 | C58: 2020 | D58: 47 | E58: 21733312 | F58: 0.2 | H58: 209671 | I58: =(D58/H58)*100000 -> 22.416071 | J58: =INDEX('Land Area'!$C:$C, MATCH($B58, 'Land Area'!$B:$B, 0)) -> 53625 | K58: =E58/J58 -> 405.28321
A59: Florida | B59: 12 | C59: 2021 | D59: 87 | E59: 21781128 | F59: 0.4 | H59: 216260 | I59: =(D59/H59)*100000 -> 40.229354 | J59: =INDEX('Land Area'!$C:$C, MATCH($B59, 'Land Area'!$B:$B, 0)) -> 53625 | K59: =E59/J59 -> 406.17488
A60: Florida | B60: 12 | C60: 2022 | D60: 35 | E60: 22244823 | F60: 0.2 | H60: 224433 | I60: =(D60/H60)*100000 -> 15.594855 | J60: =INDEX('Land Area'!$C:$C, MATCH($B60, 'Land Area'!$B:$B, 0)) -> 53625 | K60: =E60/J60 -> 414.82187
A61: Florida | B61: 12 | C61: 2023 | D61: 40 | E61: 22610726 | F61: 0.2 | H61: 221410 | I61: =(D61/H61)*100000 -> 18.066031 | J61: =INDEX('Land Area'!$C:$C, MATCH($B61, 'Land Area'!$B:$B, 0)) -> 53625 | K61: =E61/J61 -> 421.64524
A62: Georgia | B62: 13 | C62: 2018 | D62: 35 | E62: 10519475 | F62: 0.3 | H62: 126172 | I62: =(D62/H62)*100000 -> 27.739911 | J62: =INDEX('Land Area'!$C:$C, MATCH($B62, 'Land Area'!$B:$B, 0)) -> 57513 | K62: =E62/J62 -> 182.90604
A63: Georgia | B63: 13 | C63: 2019 | D63: 43 | E63: 10617423 | F63: 0.4 | H63: 126371 | I63: =(D63/H63)*100000 -> 34.026794 | J63: =INDEX('Land Area'!$C:$C, MATCH($B63, 'Land Area'!$B:$B, 0)) -> 57513 | K63: =E63/J63 -> 184.6091
A64: Georgia | B64: 13 | C64: 2020 | D64: 30 | E64: 10710017 | F64: 0.3 | H64: 122473 | I64: =(D64/H64)*100000 -> 24.495195 | J64: =INDEX('Land Area'!$C:$C, MATCH($B64, 'Land Area'!$B:$B, 0)) -> 57513 | K64: =E64/J64 -> 186.21906
A65: Georgia | B65: 13 | C65: 2021 | D65: 61 | E65: 10799566 | F65: 0.6 | H65: 124073 | I65: =(D65/H65)*100000 -> 49.164605 | J65: =INDEX('Land Area'!$C:$C, MATCH($B65, 'Land Area'!$B:$B, 0)) -> 57513 | K65: =E65/J65 -> 187.77609
A66: Georgia | B66: 13 | C66: 2022 | D66: 32 | E66: 10912876 | F66: 0.3 | H66: 126130 | I66: =(D66/H66)*100000 -> 25.370649 | J66: =INDEX('Land Area'!$C:$C, MATCH($B66, 'Land Area'!$B:$B, 0)) -> 57513 | K66: =E66/J66 -> 189.74625
A67: Georgia | B67: 13 | C67: 2023 | D67: 24 | E67: 11029227 | F67: 0.2 | H67: 125120 | I67: =(D67/H67)*100000 -> 19.181586 | J67: =INDEX('Land Area'!$C:$C, MATCH($B67, 'Land Area'!$B:$B, 0)) -> 57513 | K67: =E67/J67 -> 191.76929
A68: Hawaii | B68: 15 | C68: 2018 | E68: 1420491 | H68: 16972 | J68: =INDEX('Land Area'!$C:$C, MATCH($B68, 'Land Area'!$B:$B, 0)) -> 6423 | K68: =E68/J68 -> 221.15694
A69: Hawaii | B69: 15 | C69: 2019 | E69: 1415872 | H69: 16797 | J69: =INDEX('Land Area'!$C:$C, MATCH($B69, 'Land Area'!$B:$B, 0)) -> 6423 | K69: =E69/J69 -> 220.4378
A70: Hawaii | B70: 15 | C70: 2020 | E70: 1407006 | H70: 15785 | J70: =INDEX('Land Area'!$C:$C, MATCH($B70, 'Land Area'!$B:$B, 0)) -> 6423 | K70: =E70/J70 -> 219.05745
A71: Hawaii | B71: 15 | C71: 2021 | E71: 1441553 | H71: 15620 | J71: =INDEX('Land Area'!$C:$C, MATCH($B71, 'Land Area'!$B:$B, 0)) -> 6423 | K71: =E71/J71 -> 224.43609
A72: Hawaii | B72: 15 | C72: 2022 | E72: 1440196 | H72: 15535 | J72: =INDEX('Land Area'!$C:$C, MATCH($B72, 'Land Area'!$B:$B, 0)) -> 6423 | K72: =E72/J72 -> 224.22482
A73: Hawaii | B73: 15 | C73: 2023 | E73: 1435138 | H73: 14808 | J73: =INDEX('Land Area'!$C:$C, MATCH($B73, 'Land Area'!$B:$B, 0)) -> 6423 | K73: =E73/J73 -> 223.43733
A74: Idaho | B74: 16 | C74: 2018 | E74: 1754208 | H74: 21403 | J74: =INDEX('Land Area'!$C:$C, MATCH($B74, 'Land Area'!$B:$B, 0)) -> 82643 | K74: =E74/J74 -> 21.226335
A75: Idaho | B75: 16 | C75: 2019 | E75: 1787065 | H75: 22063 | J75: =INDEX('Land Area'!$C:$C, MATCH($B75, 'Land Area'!$B:$B, 0)) -> 82643 | K75: =E75/J75 -> 21.623912
A76: Idaho | B76: 16 | C76: 2020 | E76: 1826913 | H76: 21533 | J76: =INDEX('Land Area'!$C:$C, MATCH($B76, 'Land Area'!$B:$B, 0)) -> 82643 | K76: =E76/J76 -> 22.106083
A77: Idaho | B77: 16 | C77: 2021 | E77: 1900923 | H77: 22427 | J77: =INDEX('Land Area'!$C:$C, MATCH($B77, 'Land Area'!$B:$B, 0)) -> 82643 | K77: =E77/J77 -> 23.001621
A78: Idaho | B78: 16 | C78: 2022 | E78: 1939033 | H78: 22391 | J78: =INDEX('Land Area'!$C:$C, MATCH($B78, 'Land Area'!$B:$B, 0)) -> 82643 | K78: =E78/J78 -> 23.462762
A79: Idaho | B79: 16 | C79: 2023 | E79: 1964726 | H79: 22397 | J79: =INDEX('Land Area'!$C:$C, MATCH($B79, 'Land Area'!$B:$B, 0)) -> 82643 | K79: =E79/J79 -> 23.773653
A80: Illinois | B80: 17 | C80: 2018 | D80: 14 | E80: 12741080 | F80: 0.1 | G80: Yes | H80: 144815 | I80: =(D80/H80)*100000 -> 9.6675068 | J80: =INDEX('Land Area'!$C:$C, MATCH($B80, 'Land Area'!$B:$B, 0)) -> 55519 | K80: =E80/J80 -> 229.49044
A81: Illinois | B81: 17 | C81: 2019 | D81: 14 | E81: 12671821 | F81: 0.1 | G81: Yes | H81: 140128 | I81: =(D81/H81)*100000 -> 9.9908655 | J81: =INDEX('Land Area'!$C:$C, MATCH($B81, 'Land Area'!$B:$B, 0)) -> 55519 | K81: =E81/J81 -> 228.24296
A82: Illinois | B82: 17 | C82: 2020 | D82: 26 | E82: 12587530 | F82: 0.2 | H82: 133298 | I82: =(D82/H82)*100000 -> 19.505169 | J82: =INDEX('Land Area'!$C:$C, MATCH($B82, 'Land Area'!$B:$B, 0)) -> 55519 | K82: =E82/J82 -> 226.72472
A83: Illinois | B83: 17 | C83: 2021 | D83: 41 | E83: 12671469 | F83: 0.3 | H83: 132189 | I83: =(D83/H83)*100000 -> 31.016197 | J83: =INDEX('Land Area'!$C:$C, MATCH($B83, 'Land Area'!$B:$B, 0)) -> 55519 | K83: =E83/J83 -> 228.23662
A84: Illinois | B84: 17 | C84: 2022 | D84: 28 | E84: 12582032 | F84: 0.2 | H84: 128350 | I84: =(D84/H84)*100000 -> 21.815349 | J84: =INDEX('Land Area'!$C:$C, MATCH($B84, 'Land Area'!$B:$B, 0)) -> 55519 | K84: =E84/J84 -> 226.6257
A85: Illinois | B85: 17 | C85: 2023 | D85: 23 | E85: 12549689 | F85: 0.2 | H85: 124820 | I85: =(D85/H85)*100000 -> 18.426534 | J85: =INDEX('Land Area'!$C:$C, MATCH($B85, 'Land Area'!$B:$B, 0)) -> 55519 | K85: =E85/J85 -> 226.04314
A86: Indiana | B86: 18 | C86: 2018 | D86: 20 | E86: 6691878 | F86: 0.3 | H86: 81646 | I86: =(D86/H86)*100000 -> 24.495995 | J86: =INDEX('Land Area'!$C:$C, MATCH($B86, 'Land Area'!$B:$B, 0)) -> 36418 | K86: =E86/J86 -> 183.75194
A87: Indiana | B87: 18 | C87: 2019 | D87: 23 | E87: 6732219 | F87: 0.3 | H87: 80859 | I87: =(D87/H87)*100000 -> 28.444576 | J87: =INDEX('Land Area'!$C:$C, MATCH($B87, 'Land Area'!$B:$B, 0)) -> 36418 | K87: =E87/J87 -> 184.85966
A88: Indiana | B88: 18 | C88: 2020 | D88: 25 | E88: 6754953 | F88: 0.4 | H88: 78616 | I88: =(D88/H88)*100000 -> 31.800142 | J88: =INDEX('Land Area'!$C:$C, MATCH($B88, 'Land Area'!$B:$B, 0)) -> 36418 | K88: =E88/J88 -> 185.48391
A89: Indiana | B89: 18 | C89: 2021 | D89: 32 | E89: 6805985 | F89: 0.5 | H89: 79946 | I89: =(D89/H89)*100000 -> 40.027018 | J89: =INDEX('Land Area'!$C:$C, MATCH($B89, 'Land Area'!$B:$B, 0)) -> 36418 | K89: =E89/J89 -> 186.88519
A90: Indiana | B90: 18 | C90: 2022 | D90: 24 | E90: 6833037 | F90: 0.4 | H90: 79649 | I90: =(D90/H90)*100000 -> 30.132205 | J90: =INDEX('Land Area'!$C:$C, MATCH($B90, 'Land Area'!$B:$B, 0)) -> 36418 | K90: =E90/J90 -> 187.62801
A91: Indiana | B91: 18 | C91: 2023 | D91: 21 | E91: 6862199 | F91: 0.3 | H91: 79000 | I91: =(D91/H91)*100000 -> 26.582278 | J91: =INDEX('Land Area'!$C:$C, MATCH($B91, 'Land Area'!$B:$B, 0)) -> 36418 | K91: =E91/J91 -> 188.42877
A92: Iowa | B92: 19 | C92: 2018 | E92: 3156145 | H92: 37785 | J92: =INDEX('Land Area'!$C:$C, MATCH($B92, 'Land Area'!$B:$B, 0)) -> 55857 | K92: =E92/J92 -> 56.504019
A93: Iowa | B93: 19 | C93: 2019 | E93: 3155070 | H93: 37649 | J93: =INDEX('Land Area'!$C:$C, MATCH($B93, 'Land Area'!$B:$B, 0)) -> 55857 | K93: =E93/J93 -> 56.484774
A94: Iowa | B94: 19 | C94: 2020 | E94: 3163561 | H94: 36114 | J94: =INDEX('Land Area'!$C:$C, MATCH($B94, 'Land Area'!$B:$B, 0)) -> 55857 | K94: =E94/J94 -> 56.636787
A95: Iowa | B95: 19 | C95: 2021 | D95: 16 | E95: 3193079 | F95: 0.5 | G95: Yes | H95: 36835 | I95: =(D95/H95)*100000 -> 43.436949 | J95: =INDEX('Land Area'!$C:$C, MATCH($B95, 'Land Area'!$B:$B, 0)) -> 55857 | K95: =E95/J95 -> 57.165243
A96: Iowa | B96: 19 | C96: 2022 | E96: 3200517 | H96: 36506 | J96: =INDEX('Land Area'!$C:$C, MATCH($B96, 'Land Area'!$B:$B, 0)) -> 55857 | K96: =E96/J96 -> 57.298405
A97: Iowa | B97: 19 | C97: 2023 | E97: 3207004 | H97: 36052 | J97: =INDEX('Land Area'!$C:$C, MATCH($B97, 'Land Area'!$B:$B, 0)) -> 55857 | K97: =E97/J97 -> 57.414541
A98: Kansas | B98: 20 | C98: 2018 | E98: 2911505 | H98: 36261 | J98: =INDEX('Land Area'!$C:$C, MATCH($B98, 'Land Area'!$B:$B, 0)) -> 81759 | K98: =E98/J98 -> 35.61082
A99: Kansas | B99: 20 | C99: 2019 | E99: 2913314 | H99: 35395 | J99: =INDEX('Land Area'!$C:$C, MATCH($B99, 'Land Area'!$B:$B, 0)) -> 81759 | K99: =E99/J99 -> 35.632946
A100: Kansas | B100: 20 | C100: 2020 | D100: 10 | E100: 2913805 | F100: 0.3 | G100: Yes | H100: 34376 | I100: =(D100/H100)*100000 -> 29.090063 | J100: =INDEX('Land Area'!$C:$C, MATCH($B100, 'Land Area'!$B:$B, 0)) -> 81759 | K100: =E100/J100 -> 35.638951
...

Sheet Maternal Deaths 2018-2023
A1: Residence State | B1: FIPS Code | C1: Year | D1: Maternal Deaths | E1: Population | F1: Crude Rate (CR) | G1: CR Unreliable?
A2: Alabama | B2: 1 | C2: 2018 | D2: 21 | E2: 4887871 | F2: 0.4
A3: Alabama | B3: 1 | C3: 2019 | D3: 21 | E3: 4903185 | F3: 0.4
A4: Alabama | B4: 1 | C4: 2020 | D4: 21 | E4: 4921532 | F4: 0.4
A5: Alabama | B5: 1 | C5: 2021 | D5: 33 | E5: 5039877 | F5: 0.7
A6: Alabama | B6: 1 | C6: 2022 | D6: 16 | E6: 5074296 | F6: 0.3 | G6: Yes
A7: Alabama | B7: 1 | C7: 2023 | D7: 11 | E7: 5108468 | F7: 0.2 | G7: Yes
A8: Alaska | B8: 2 | C8: 2018 | D8: Suppressed | E8: 737438 | F8: Suppressed
A9: Alaska | B9: 2 | C9: 2019 | D9: Suppressed | E9: 731545 | F9: Suppressed
A10: Alaska | B10: 2 | C10: 2020 | D10: 0 | E10: 731158 | F10: 0 | G10: Yes
A11: Alaska | B11: 2 | C11: 2021 | D11: Suppressed | E11: 732673 | F11: Suppressed
A12: Alaska | B12: 2 | C12: 2022 | D12: Suppressed | E12: 733583 | F12: Suppressed
A13: Alaska | B13: 2 | C13: 2023 | D13: Suppressed | E13: 733406 | F13: Suppressed
A14: Arizona | B14: 4 | C14: 2018 | D14: 18 | E14: 7171646 | F14: 0.3 | G14: Yes
A15: Arizona | B15: 4 | C15: 2019 | D15: 20 | E15: 7278717 | F15: 0.3
A16: Arizona | B16: 4 | C16: 2020 | D16: 29 | E16: 7421401 | F16: 0.4
A17: Arizona | B17: 4 | C17: 2021 | D17: 32 | E17: 7276316 | F17: 0.4
A18: Arizona | B18: 4 | C18: 2022 | D18: 19 | E18: 7359197 | F18: 0.3 | G18: Yes
A19: Arizona | B19: 4 | C19: 2023 | D19: 19 | E19: 7431344 | F19: 0.3 | G19: Yes
A20: Arkansas | B20: 5 | C20: 2018 | D20: 17 | E20: 3013825 | F20: 0.6 | G20: Yes
A21: Arkansas | B21: 5 | C21: 2019 | D21: 12 | E21: 3017804 | F21: 0.4 | G21: Yes
A22: Arkansas | B22: 5 | C22: 2020 | D22: 15 | E22: 3030522 | F22: 0.5 | G22: Yes
A23: Arkansas | B23: 5 | C23: 2021 | D23: 19 | E23: 3025891 | F23: 0.6 | G23: Yes
A24: Arkansas | B24: 5 | C24: 2022 | D24: Suppressed | E24: 3045637 | F24: Suppressed
A25: Arkansas | B25: 5 | C25: 2023 | D25: 11 | E25: 3067732 | F25: 0.4 | G25: Yes
A26: California | B26: 6 | C26: 2018 | D26: 53 | E26: 39557045 | F26: 0.1
A27: California | B27: 6 | C27: 2019 | D27: 50 | E27: 39512223 | F27: 0.1
A28: California | B28: 6 | C28: 2020 | D28: 32 | E28: 39368078 | F28: 0.1
A29: California | B29: 6 | C29: 2021 | D29: 41 | E29: 39237836 | F29: 0.1
A30: California | B30: 6 | C30: 2022 | D30: 52 | E30: 39029342 | F30: 0.1
A31: California | B31: 6 | C31: 2023 | D31: 38 | E31: 38965193 | F31: 0.1
A32: Colorado | B32: 8 | C32: 2018 | D32: Suppressed | E32: 5695564 | F32: Suppressed
A33: Colorado | B33: 8 | C33: 2019 | D33: 12 | E33: 5758736 | F33: 0.2 | G33: Yes
A34: Colorado | B34: 8 | C34: 2020 | D34: 10 | E34: 5807719 | F34: 0.2 | G34: Yes
A35: Colorado | B35: 8 | C35: 2021 | D35: 11 | E35: 5812069 | F35: 0.2 | G35: Yes
A36: Colorado | B36: 8 | C36: 2022 | D36: 12 | E36: 5839926 | F36: 0.2 | G36: Yes
A37: Colorado | B37: 8 | C37: 2023 | D37: Suppressed | E37: 5877610 | F37: Suppressed
A38: Connecticut | B38: 9 | C38: 2018 | D38: Suppressed | E38: 3572665 | F38: Suppressed
A39: Connecticut | B39: 9 | C39: 2019 | D39: Suppressed | E39: 3565287 | F39: Suppressed
A40: Connecticut | B40: 9 | C40: 2020 | D40: Suppressed | E40: 3557006 | F40: Suppressed
A41: Connecticut | B41: 9 | C41: 2021 | D41: Suppressed | E41: 3605597 | F41: Suppressed
A42: Connecticut | B42: 9 | C42: 2022 | D42: Suppressed | E42: 3626205 | F42: Suppressed
A43: Connecticut | B43: 9 | C43: 2023 | D43: Suppressed | E43: 3617176 | F43: Suppressed
A44: Delaware | B44: 10 | C44: 2018 | D44: Suppressed | E44: 967171 | F44: Suppressed
A45: Delaware | B45: 10 | C45: 2019 | D45: 0 | E45: 973764 | F45: 0 | G45: Yes
A46: Delaware | B46: 10 | C46: 2020 | D46: Suppressed | E46: 986809 | F46: Suppressed
A47: Delaware | B47: 10 | C47: 2021 | D47: Suppressed | E47: 1003384 | F47: Suppressed
A48: Delaware | B48: 10 | C48: 2022 | D48: Suppressed | E48: 1018396 | F48: Suppressed
A49: Delaware | B49: 10 | C49: 2023 | D49: 0 | E49: 1031890 | F49: 0 | G49: Yes
A50: District of Columbia | B50: 11 | C50: 2018 | D50: Suppressed | E50: 702455 | F50: Suppressed
A51: District of Columbia | B51: 11 | C51: 2019 | D51: Suppressed | E51: 705749 | F51: Suppressed
A52: District of Columbia | B52: 11 | C52: 2020 | D52: Suppressed | E52: 712816 | F52: Suppressed
A53: District of Columbia | B53: 11 | C53: 2021 | D53: Suppressed | E53: 670050 | F53: Suppressed
A54: District of Columbia | B54: 11 | C54: 2022 | D54: Suppressed | E54: 671803 | F54: Suppressed
A55: District of Columbia | B55: 11 | C55: 2023 | D55: Suppressed | E55: 678972 | F55: Suppressed
A56: Florida | B56: 12 | C56: 2018 | D56: 35 | E56: 21299325 | F56: 0.2
A57: Florida | B57: 12 | C57: 2019 | D57: 59 | E57: 21477737 | F57: 0.3
A58: Florida | B58: 12 | C58: 2020 | D58: 47 | E58: 21733312 | F58: 0.2
A59: Florida | B59: 12 | C59: 2021 | D59: 87 | E59: 21781128 | F59: 0.4
A60: Florida | B60: 12 | C60: 2022 | D60: 35 | E60: 22244823 | F60: 0.2
A61: Florida | B61: 12 | C61: 2023 | D61: 40 | E61: 22610726 | F61: 0.2
A62: Georgia | B62: 13 | C62: 2018 | D62: 35 | E62: 10519475 | F62: 0.3
A63: Georgia | B63: 13 | C63: 2019 | D63: 43 | E63: 10617423 | F63: 0.4
A64: Georgia | B64: 13 | C64: 2020 | D64: 30 | E64: 10710017 | F64: 0.3
A65: Georgia | B65: 13 | C65: 2021 | D65: 61 | E65: 10799566 | F65: 0.6
A66: Georgia | B66: 13 | C66: 2022 | D66: 32 | E66: 10912876 | F66: 0.3
A67: Georgia | B67: 13 | C67: 2023 | D67: 24 | E67: 11029227 | F67: 0.2
A68: Hawaii | B68: 15 | C68: 2018 | D68: Suppressed | E68: 1420491 | F68: Suppressed
A69: Hawaii | B69: 15 | C69: 2019 | D69: Suppressed | E69: 1415872 | F69: Suppressed
A70: Hawaii | B70: 15 | C70: 2020 | D70: Suppressed | E70: 1407006 | F70: Suppressed
A71: Hawaii | B71: 15 | C71: 2021 | D71: Suppressed | E71: 1441553 | F71: Suppressed
A72: Hawaii | B72: 15 | C72: 2022 | D72: Suppressed | E72: 1440196 | F72: Suppressed
A73: Hawaii | B73: 15 | C73: 2023 | D73: Suppressed | E73: 1435138 | F73: Suppressed
A74: Idaho | B74: 16 | C74: 2018 | D74: Suppressed | E74: 1754208 | F74: Suppressed
A75: Idaho | B75: 16 | C75: 2019 | D75: Suppressed | E75: 1787065 | F75: Suppressed
A76: Idaho | B76: 16 | C76: 2020 | D76: Suppressed | E76: 1826913 | F76: Suppressed
A77: Idaho | B77: 16 | C77: 2021 | D77: Suppressed | E77: 1900923 | F77: Suppressed
A78: Idaho | B78: 16 | C78: 2022 | D78: Suppressed | E78: 1939033 | F78: Suppressed
A79: Idaho | B79: 16 | C79: 2023 | D79: Suppressed | E79: 1964726 | F79: Suppressed
A80: Illinois | B80: 17 | C80: 2018 | D80: 14 | E80: 12741080 | F80: 0.1 | G80: Yes
A81: Illinois | B81: 17 | C81: 2019 | D81: 14 | E81: 12671821 | F81: 0.1 | G81: Yes
A82: Illinois | B82: 17 | C82: 2020 | D82: 26 | E82: 12587530 | F82: 0.2
A83: Illinois | B83: 17 | C83: 2021 | D83: 41 | E83: 12671469 | F83: 0.3
A84: Illinois | B84: 17 | C84: 2022 | D84: 28 | E84: 12582032 | F84: 0.2
A85: Illinois | B85: 17 | C85: 2023 | D85: 23 | E85: 12549689 | F85: 0.2
A86: Indiana | B86: 18 | C86: 2018 | D86: 20 | E86: 6691878 | F86: 0.3
A87: Indiana | B87: 18 | C87: 2019 | D87: 23 | E87: 6732219 | F87: 0.3
A88: Indiana | B88: 18 | C88: 2020 | D88: 25 | E88: 6754953 | F88: 0.4
A89: Indiana | B89: 18 | C89: 2021 | D89: 32 | E89: 6805985 | F89: 0.5
A90: Indiana | B90: 18 | C90: 2022 | D90: 24 | E90: 6833037 | F90: 0.4
A91: Indiana | B91: 18 | C91: 2023 | D91: 21 | E91: 6862199 | F91: 0.3
A92: Iowa | B92: 19 | C92: 2018 | D92: Suppressed | E92: 3156145 | F92: Suppressed
A93: Iowa | B93: 19 | C93: 2019 | D93: Suppressed | E93: 3155070 | F93: Suppressed
A94: Iowa | B94: 19 | C94: 2020 | D94: Suppressed | E94: 3163561 | F94: Suppressed
A95: Iowa | B95: 19 | C95: 2021 | D95: 16 | E95: 3193079 | F95: 0.5 | G95: Yes
A96: Iowa | B96: 19 | C96: 2022 | D96: Suppressed | E96: 3200517 | F96: Suppressed
A97: Iowa | B97: 19 | C97: 2023 | D97: Suppressed | E97: 3207004 | F97: Suppressed
A98: Kansas | B98: 20 | C98: 2018 | D98: Suppressed | E98: 2911505 | F98: Suppressed
A99: Kansas | B99: 20 | C99: 2019 | D99: Suppressed | E99: 2913314 | F99: Suppressed
A100: Kansas | B100: 20 | C100: 2020 | D100: 10 | E100: 2913805 | F100: 0.3 | G100: Yes
...

Sheet Births 2018-2023
A1: State of Residence | B1: FIPS Code | C1: Year | D1: Births
A2: Alabama | B2: 1 | C2: 2018 | D2: 57761
A3: Alabama | B3: 1 | C3: 2019 | D3: 58615
A4: Alabama | B4: 1 | C4: 2020 | D4: 57647
A5: Alabama | B5: 1 | C5: 2021 | D5: 58054
A6: Alabama | B6: 1 | C6: 2022 | D6: 58149
A7: Alabama | B7: 1 | C7: 2023 | D7: 57858
A8: Alaska | B8: 2 | C8: 2018 | D8: 10086
A9: Alaska | B9: 2 | C9: 2019 | D9: 9822
A10: Alaska | B10: 2 | C10: 2020 | D10: 9469
A11: Alaska | B11: 2 | C11: 2021 | D11: 9367
A12: Alaska | B12: 2 | C12: 2022 | D12: 9359
A13: Alaska | B13: 2 | C13: 2023 | D13: 9015
... A307: Wyoming | B307: 56 | C307: 2023 | D307: 5990

Sheet Land Area
A1: State / District | B1: FIPS | C1: Land area (sq mi) | D1: Land area (sq km)
A2: Alabama | B2: 1 | C2: 52420 | D2: 135767
A3: Alaska | B3: 2 | C3: 571951 | D3: 1481346
A4: Arizona | B4: 4 | C4: 113594 | D4: 294207
A5: Arkansas | B5: 5 | C5: 53179 | D5: 137733
A6: California | B6: 6 | C6: 155779 | D6: 403466
A7: Colorado | B7: 8 | C7: 103642 | D7: 268431
A8: Connecticut | B8: 9 | C8: 4842 | D8: 12543
A9: Delaware | B9: 10 | C9: 1949 | D9: 5047
A10: District of Columbia | B10: 11 | C10: 68 | D10: 176
A11: Florida | B11: 12 | C11: 53625 | D11: 138887
A12: Georgia | B12: 13 | C12: 57513 | D12: 148959
A13: Hawaii | B13: 15 | C13: 6423 | D13: 16639
... A52: Wyoming | B52: 56 | C52: 97093 | D52: 251470
